{
  "num_classes": 26,
  "input_shape": [
    28,
    28,
    1
  ],
  "epochs_trained": 20,
  "train_accuracy": 0.9334942102432251,
  "val_accuracy": 0.9389241337776184,
  "model_type": "cnn"
}