{
  "accuracy": 0.7810465097427368,
  "val_accuracy": 0.8528571724891663,
  "loss": 0.6865154504776001,
  "val_loss": 0.4521694481372833,
  "epochs_trained": 4
}